[
  {
    "code": "reperage",
    "label": "Repérage",
    "icon": "map-pin",
    "color": "#10B981"
  },
  {
    "code": "preparation",
    "label": "Préparation",
    "icon": "tool",
    "color": "#10B981"
  },
  {
    "code": "briefing",
    "label": "Briefing",
    "icon": "message-square",
    "color": "#7C3AED"
  },
  {
    "code": "formation",
    "label": "Formation",
    "icon": "book-open",
    "color": "#7C3AED"
  },
  {
    "code": "tests_techniques",
    "label": "Tests techniques",
    "icon": "cpu",
    "color": "#3B82F6"
  },
  {
    "code": "balance_son",
    "label": "Balance son",
    "icon": "volume-2",
    "color": "#3B82F6"
  },
  {
    "code": "repetition",
    "label": "Répétition",
    "icon": "repeat",
    "color": "#3B82F6"
  },
  {
    "code": "tournage",
    "label": "Tournage",
    "icon": "video",
    "color": "#3B82F6"
  },
  {
    "code": "drone",
    "label": "Prise de vue drone",
    "icon": "airplay",
    "color": "#3B82F6"
  },
  {
    "code": "live",
    "label": "Diffusion live",
    "icon": "broadcast",
    "color": "#3B82F6"
  },
  {
    "code": "supervision",
    "label": "Supervision broadcast",
    "icon": "monitor",
    "color": "#3B82F6"
  },
  {
    "code": "installation",
    "label": "Installation",
    "icon": "wrench",
    "color": "#F97316"
  },
  {
    "code": "montage",
    "label": "Montage",
    "icon": "scissors",
    "color": "#F97316"
  },
  {
    "code": "demontage",
    "label": "Démontage",
    "icon": "trash-2",
    "color": "#F97316"
  },
  {
    "code": "deplacement",
    "label": "Déplacement",
    "icon": "truck",
    "color": "#F97316"
  },
  {
    "code": "rangement",
    "label": "Rangement",
    "icon": "archive",
    "color": "#F97316"
  },
  {
    "code": "distribution",
    "label": "Distribution matériel",
    "icon": "package",
    "color": "#F97316"
  },
  {
    "code": "prestation",
    "label": "Prestation",
    "icon": "star",
    "color": "#10B981"
  },
  {
    "code": "coordination",
    "label": "Coordination régie",
    "icon": "git-branch",
    "color": "#10B981"
  },
  {
    "code": "accueil",
    "label": "Accueil public",
    "icon": "users",
    "color": "#7C3AED"
  },
  {
    "code": "accueil_equipes",
    "label": "Accueil équipes",
    "icon": "handshake",
    "color": "#7C3AED"
  },
  {
    "code": "pause",
    "label": "Pause",
    "icon": "coffee",
    "color": "#FACC15"
  },
  {
    "code": "restauration",
    "label": "Restauration",
    "icon": "utensils",
    "color": "#FACC15"
  },
  {
    "code": "off",
    "label": "Off",
    "icon": "moon",
    "color": "#FACC15"
  },
  {
    "code": "debrief",
    "label": "Débrief",
    "icon": "clipboard-list",
    "color": "#6B7280"
  },
  {
    "code": "nettoyage",
    "label": "Nettoyage site",
    "icon": "broom",
    "color": "#6B7280"
  },
  {
    "code": "retour_transport",
    "label": "Retour transport",
    "icon": "arrow-left-circle",
    "color": "#6B7280"
  },
  {
    "code": "archivage",
    "label": "Archivage",
    "icon": "hard-drive",
    "color": "#6B7280"
  },
  {
    "code": "visite_securite",
    "label": "Visite sécurité",
    "icon": "shield",
    "color": "#10B981"
  }
]